Affenpinscher,Hip and Joint,Eye Health,,,Hip and Joint,Eye Health,,,Hip dysplasia,Cataracts,,
Afghan Hound,Eye Health,Skin and Coat Demdectic Mange,Hip and Joint,,Eye Health,Eye Health,Skin and Coat Demdectic Mange,Hip and Joint,Cataracts,Corneal Dystrophy,Demodicosis Demdectic Mange,Hip dysplasia
Akbash Dog,Hip and Joint,,,,Hip and Joint,,,,Hip dysplasia,,,
Airedale Terrier,Hip and Joint,Neurotransmitters Health,Eye Health,Thyroid Health,Hip and Joint,Neurotransmitters Health,Eye Health,Thyroid Health,Hip dysplasia,Cerebellar Abiotophy,Corneal Dystophy,Hypothyrodism
Akita,Hip and Joint,Eye Health,,,Hip and Joint,Eye Health,Eye Health,Eye Health,Hip dysplasia,Cataracts,Micropthalmia,Ocular Dysgensis
Alaskan Husky,,,,,,,,,,,,
Alaskan Klee Kai,,,,,,,,,,,,
Alaskan Malamute,Hip and Joint,Inflammation,Eye Health,Metabolism,Hip and Joint,Inflammation,Eye Health,Metabolism,Hip dysplasia,Osteochondropdysplsia,Cataracts,Diabetes
American Bulldog,Hip and Joint,Inflammation,,,Hip and Joint,Inflammation,,,Hip dysplasia,Elbow Dysplasia,Lysomal Storage,
American Cocker Spaniel,,,,,,,,,,,,
American English Coonhound,,,,,,,,,,,,
American Eskimo Dog,Metabolism,,,,Metabolism,,,,Pyruvate Kinase Deficinecy,,,
American Foxhound,,,,,,,,,,,,
American Hairless Terrier,,,,,,,,,,,,
American Pit Bull Terrier,Skin and Coat ,Immunity,Overall Wellness,,Skin and Coat ,Immunity,Overall Wellness,,Demodicosis ,Demodectic manage,Atopy,Cleft Lip
American Staffordshire Terrier,Hip and Joint,Eye Health,,,Hip and Joint,Eye Health,,,Demodicosis ,Demodectic manage,Sexual Reversal,Hip Dysplasis
American Water Spaniel,Eye Health,Skin and Coat Demdectic Mange,Hip and Joint,,Eye Health,Eye Health,Skin and Coat Demdectic Mange,Hip and Joint,Growth Hormone responsive Dermatosis,adrenal sex home resposive dermatosis,hip dysplasia,pattern baldness
Anatolian Shepherd Dog,Hip and Joint,Neurotransmitters Health,Eye Health,Thyroid Health,Hip and Joint,Neurotransmitters Health,Eye Health,Thyroid Health,,,,
Appenzell Cattle Dog,Hip and Joint,,,,Hip and Joint,,,,,,,
Australian Cattle Dog,Hip and Joint,Eye Health,,,Hip and Joint,Eye Health,Eye Health,Eye Health,Hip Dysplasia,Cataracts,Deafness,Dermatomyositis and ulcerative dermatosis
Australian Kelpie,,,,,,,,,Cerebellar abiotrophy,Globoid cell leukodystrophy,cutaneous asthenia,retinal atrophy
Australian Shepherd,,,,,,,,,Deafness,Hip Dysplasia,Cataracts,Micropthalmia
Australian Silky Terrier,Hip and Joint,Inflammation,Eye Health,Metabolism,Hip and Joint,Inflammation,Eye Health,Metabolism,Progressive Retinal Atophy,Retinal Dysplasia,,
Australian Stumpy Tail Cattle Dog,Hip and Joint,Inflammation,,,Hip and Joint,Hip and Joint,Inflammation,,,,,
Australian Terrier,,,,,,,,,Progressive Retinal Atophy,,,
Azawakh,,,,,,,,,,,,
Barbet,Metabolism,,,,Metabolism,,,,,,,
Basenji,,,,,,,,,Fanconi Syndrome,Persistent Pupillary Membranes,Pyruvate Kinase,Cataracts
Basset Griffon Vendeen,,,,,,,,,Hip Dysplasia,,,
Basset Fauve de Bretagne,Skin and Coat ,Immunity,Overall Wellness,,Skin and Coat ,Skin and Coat,Immunity,Overall Wellness,,,,
Basset Hound,Hip and Joint,Eye Health,,,Hip and Joint,Eye Health,,,Platelet Dysfunction,Seborrhea,Cervical Verebral Instability,Elbow Dysplasia
Beagle,Eye Health,Skin and Coat Demdectic Mange,Hip and Joint,,Eye Health,Eye Health,Skin and Coat Demdectic Mange,Hip and Joint,Plumonic stenosis,cataracts,cutaneous asthenia,Cerebellar abiotrophy
Bearded Collie,Hip and Joint,Neurotransmitters Health,Eye Health,Thyroid Health,Hip and Joint,Neurotransmitters Health,Eye Health,Thyroid Health,Cataracts,Corneal Dystrophy,Hip Dyslasia,Pemphigus
Beauceron,Hip and Joint,,,,Hip and Joint,,,,,,,
Bedlington Terrier,Hip and Joint,Eye Health,,,Hip and Joint,Eye Health,Eye Health,Eye Health,Chronic hepatitis,Retinal Dysplasia,Cataracts,Glaucoma
Belgian Malinois,,,,,,,,,Hip Dysplasia,Progressive Retinal Atrophy,Retinal Dysplasia,
Belgian Sheepdog,,,,,,,,,Cataracts,Pannus Superficial keratitis,Progressive Retinal atrophy,X-linked Muscular dystrophy
Belgian Shepherd Dog,Hip and Joint,Inflammation,Eye Health,Metabolism,Hip and Joint,Inflammation,Eye Health,Metabolism,,,,
Belgian Shepherd Dog - Groenendael,Hip and Joint,Inflammation,,,Hip and Joint,Hip and Joint,Inflammation,,,,,
Belgian Shepherd Dog - Laekenois,,,,,,,,,,,,
Belgian Shepherd Dog - Malinois,,,,,,,,,,,,
Belgian Shepherd Dog - Tervueren,Metabolism,,,,Metabolism,,,,Idiopahtic Epilepsy,Pannus,Cataracts,Vitiligo
Bergamasco,,,,,,,,,,,,
Bernese Mountain Dog,,,,,,,,,Meningitis,Elbow Dysplasia,Hip Dysplasia,Histiocytosis
Bichon Frise,Skin and Coat ,Immunity,Overall Wellness,,Skin and Coat ,Skin and Coat,Immunity,Overall Wellness,Atopy,Cataracts,Congenital Hypotrichosis,Corneal Dystrophy
Biewer Terrier,Hip dysplasia,Eye Health,,,Hip dysplasia,Eye Health,,,,,,
Black and Tan Coonhound,Eye Health,Skin and Coat Demdectic Mange,Hip and Joint,,Eye Health,Eye Health,Skin and Coat Demdectic Mange,Hip and Joint,Entropion,Hip Dysplasia,Hemophilia,Progressive retinal atrophy
Black Russian Terrier,Hip and Joint,Neurotransmitters Health,Eye Health,Thyroid Health,Hip and Joint,Neurotransmitters Health,Eye Health,Thyroid Health,Urolithiasis,,,
Bloodhound,Hip and Joint,,,,Hip and Joint,,,,Gastric dilation volvulus,Hip Dysplasia,elbow dysplasia,keratoconjunctivitis sicca
Blue Tick Coonhound,Hip and Joint,Eye Health,,,Hip and Joint,Eye Health,Eye Health,Eye Health,globoid cell leukodystrophy,Hip Dysplasia,,
Boerboel,,,,,,,,,,,,
Bolognese,,,,,,,,,,,,
Border Collie,Hip and Joint,Inflammation,Eye Health,Metabolism,Hip and Joint,Inflammation,Eye Health,Metabolism,collie eye anomaly,deafness,cataracts,cerebellar abiotrophy
Border Terrier,Hip and Joint,Inflammation,,,Hip and Joint,Hip and Joint,Inflammation,,cataracts,retinal dysplaisa,progressive retinal atrophy,fanconi syndrome
Borzoi,,,,,,,,,cervical vertebral instability,gastric dilation,microphthalmia,progressive retinal atrophy
Boston Terrier,,,,,,,,,brachycephalic syndrome,atopy,cataracts,cleft lip
Bouvier des Ardennes,Metabolism,,,,Metabolism,,,,,,,
Bouvier des Flandres,,,,,,,,,hip dysplasisa,cataracts,glaucoma,laryngeal paralysis
Boxer,,,,,,,,,arrhythmogenic right ventricular cardiomyopathy,corneal dystrophy,degenerative myelopathy,dilated cardiomyopath
Boykin Spaniel,Demodicosis ,Skin and Coat,Immunity,Overall Wellness,Demodicosis ,Skin and Coat,Immunity,Overall Wellness,,,,
Braque du Bourbonnais,Hip and Joint,Eye Health,,,Hip and Joint,Eye Health,,,,,,
Briard,Eye Health,Skin and Coat Demdectic Mange,Hip and Joint,,Eye Health,Eye Health,Skin and Coat Demdectic Mange,Hip and Joint,Hip dysplasisa,corneal dystrophy,gastric dilation volvulus,progressive retinal atrophy
Brittany,Hip and Joint,Neurotransmitters Health,Eye Health,Thyroid Health,Hip and Joint,Neurotransmitters Health,Eye Health,Thyroid Health,cerebellar abiotrophy,cleft lip,complement deficiency,glaucoma
Brussels Griffon,Hip and Joint,,,,Hip and Joint,,,,cataracts,chiari like malformation and syringomyelia,progressive retinal atrophy,corneal dystrophy
Broholmer,Hip and Joint,Eye Health,,,Hip and Joint,Eye Health,Eye Health,Eye Health,,,,
Bull Terrier,,,,,,,,,lethal acrodrmatitis,mitral value dysplasia,deafness,demodicosis
Bull Terrier MINI,,,,,,,,,lens luxation,persistent pupillary membranes,,
Bulldog,Hip and Joint,Inflammation,Eye Health,Metabolism,Hip and Joint,Inflammation,Eye Health,Metabolism,,,,
Bullmastiff,Hip and Joint,Inflammation,,,Hip and Joint,Hip and Joint,Inflammation,,entropion,hip dysplasia,cerebellar abiotrophy,cervical vertebral instability
Cairn Terrier,,,,,,,,,craniomandibular osteopathy,mitral valve dysplasia,atopy,cataracts
Canaan Dog,,,,,,,,,idiopathic epilepsy,hip dysplasia,progressive retinal atrophy,
Canadian Eskimo Dog,Metabolism,,,,Metabolism,,,,,,,
Cane Corso,,,,,,,,,,,,
Catahoula Leopard Dog,,,,,,,,,,,,
Cavalier King Charles Spaniel,Skin and Coat ,Immunity,Overall Wellness,,Skin and Coat ,Skin and Coat,Immunity,Overall Wellness,mitral valve dysplasia,chiari like malformation and syringomyelia,cataracts,corneal dystrophy
Ceskoslovensky Vlcak,Hip and Joint,Eye Health,,,Hip and Joint,Eye Health,,,,,,
Cesky Terrier,Eye Health,Skin and Coat Demdectic Mange,Hip and Joint,,Eye Health,Eye Health,Skin and Coat Demdectic Mange,Hip and Joint,,,,
Chesapeake Bay Retriever,Hip and Joint,Neurotransmitters Health,Eye Health,Thyroid Health,Hip and Joint,Neurotransmitters Health,Eye Health,Thyroid Health,hip dysplasia,progressive retinal atrophy,von willebrand,entropion
Chihuahua,Hip and Joint,,,,Hip and Joint,,,,patellar luxation,chiari like malformation,syringomyelia,colour dilution alopecia
Chihuahua - Longhaired,Hip and Joint,Eye Health,,,Hip and Joint,Eye Health,Eye Health,Eye Health,,,,
Chihuahua - Smooth-haired,,,,,,,,,,,,
Chinese Crested Dog,,,,,,,,,,,,
Chinook,Hip and Joint,Inflammation,Eye Health,Metabolism,Hip and Joint,Inflammation,Eye Health,Metabolism,,,,
Chow Chow,Hip and Joint,Inflammation,,,Hip and Joint,Hip and Joint,Inflammation,,entropion,hip dysplasia,cataracts,cerebellar abiotrophy
Cirneco dell´Etna,,,,,,,,,,,,
Clumber Spaniel,,,,,,,,,cataracts,ectropion,entropion,exposure keratophy syndrome
Collie,Metabolism,,,,Metabolism,,,,Collie Eye Anomoly,Dermatomyositis,Ulcerative dermatosis,bullous pemphigoid
Collie Rough,,,,,,,,,Collie Eye Anomoly,Dermatomyositis,Ulcerative dermatosis,
Collie Smooth,,,,,,,,,Collie Eye Anomoly,Dermatomyositis,Ulcerative dermatosis,
Coton de Tulear,Skin and Coat ,Immunity,Overall Wellness,,Skin and Coat ,Skin and Coat,Immunity,Overall Wellness,cerebellar abiotrophy,,,
Coyote,Hip and Joint,Eye Health,,,Hip and Joint,Eye Health,,,,,,
Croatian Sheepdog,Eye Health,Skin and Coat Demdectic Mange,Hip and Joint,,Eye Health,Eye Health,Skin and Coat Demdectic Mange,Hip and Joint,,,,
Curly Coated Retriever,Hip and Joint,Neurotransmitters Health,Eye Health,Thyroid Health,Hip and Joint,Neurotransmitters Health,Eye Health,Thyroid Health,hip dysplasia,cataracts,eyelash abnormalities,progressive retinal atrophy
Dachshund - Longhaired,Hip and Joint,,,,Hip and Joint,,,,acanthosis nigricans,intervertebral disk disease,cataracts,cleft lip
Dachshund - Miniature Longhaired,Hip and Joint,Eye Health,,,Hip and Joint,Eye Health,Eye Health,Eye Health,acanthosis nigricans,intervertebral disk disease,cataracts,cleft lip
Dachshund - Miniature Shorthaired,,,,,,,,,acanthosis nigricans,intervertebral disk disease,cataracts,cleft lip
Dachshund - Miniature Wirehaired,,,,,,,,,acanthosis nigricans,intervertebral disk disease,cataracts,cleft lip
Dachshund - Rabbit Longhaired,Hip and Joint,Inflammation,Metabolism,,Hip and Joint,Inflammation,Eye Health,Metabolism,acanthosis nigricans,intervertebral disk disease,cataracts,cleft lip
Dachshund - Rabbit Shorthaired,Hip and Joint,Inflammation,,,Hip and Joint,Hip and Joint,Inflammation,,acanthosis nigricans,intervertebral disk disease,cataracts,cleft lip
Dachshund - Rabbit Wirehaired,,,,,,,,,acanthosis nigricans,intervertebral disk disease,cataracts,cleft lip
Dachshund - Shorthaired,,,,,,,,,acanthosis nigricans,intervertebral disk disease,cataracts,cleft lip
Dachshund - Standard Longhaired,Metabolism,,,,Metabolism,,,,acanthosis nigricans,intervertebral disk disease,cataracts,cleft lip
Dachshund - Standard Wirehaired,,,,,,,,,acanthosis nigricans,intervertebral disk disease,cataracts,cleft lip
Dachshund - Wirehaired,,,,,,,,,acanthosis nigricans,intervertebral disk disease,cataracts,cleft lip
Dalmatian,Skin and Coat ,Immunity,Overall Wellness,,Skin and Coat ,Skin and Coat,Immunity,Overall Wellness,Deafness,Urolithiasis,Atopy,Cataracts
Dandie Dinmont Terrier,Hip and Joint,Eye Health,,,Hip and Joint,Eye Health,,,Glaucoma,Hyperadrenocoricism,,tervertebral disk disease
Danish-Swedish Farmdog,Eye Health,Skin and Coat Demdectic Mange,Hip and Joint,,Eye Health,Eye Health,Skin and Coat Demdectic Mange,Hip and Joint,,,,
Deerhound,Hip and Joint,Neurotransmitters Health,Eye Health,Thyroid Health,Hip and Joint,Neurotransmitters Health,Eye Health,Thyroid Health,,,,
Deutsch Drahthaar - German Wirehaired Pointer,Hip and Joint,,,,Hip and Joint,,,,,,,
Deutsch Kurzhaar - German Shorthaired Pointer,Hip and Joint,Eye Health,,,Hip and Joint,Eye Health,Eye Health,Eye Health,,,,
Dingo,,,,,,,,,,,,
Dobermann,,,,,,,,,Dilated Cardiomyopahty,Cervical vertebral instablity,intervertebral disk disease,von Willebrand
Dogo Argentino,Hip and Joint,Inflammation,Eye Health,Metabolism,Hip and Joint,Inflammation,Eye Health,Metabolism,,,,
Dogo Canario,Hip and Joint,Inflammation,,,Hip and Joint,Hip and Joint,Inflammation,,,,,
Dogue de Bordeaux,,,,,,,,,,,,
Drever,,,,,,,,,,,,
Dutch Shepherd Dog,Metabolism,,,,Metabolism,,,,,,,
Dutch Shepherd Dog - Longhaired,,,,,,,,,,,,
Dutch Shepherd Dog - Rough-haired,,,,,,,,,,,,
Dutch Shepherd Dog - Shorthaired,Skin and Coat ,Immunity,Overall Wellness,,Skin and Coat ,Skin and Coat,Immunity,Overall Wellness,,,,
East-Siberian Laika,Hip and Joint,Eye Health,,,Hip and Joint,Eye Health,,,,,,
English Bulldog,Eye Health,Skin and Coat Demdectic Mange,Hip and Joint,,Eye Health,Eye Health,Skin and Coat Demdectic Mange,Hip and Joint,brachycephalic syndrome,hip dysplasia,"Keratoconjunctivitis sicca (KCS) - ""dry eye""",Pulmonic stenosis
English Cocker Spaniel,Hip and Joint,Neurotransmitters Health,Eye Health,Thyroid Health,Hip and Joint,Neurotransmitters Health,Eye Health,Thyroid Health,,,,
English Foxhound,Hip and Joint,,,,Hip and Joint,,,,Leukodystrophies,,,
English Pointer,Hip and Joint,Eye Health,,,Hip and Joint,Eye Health,Eye Health,Eye Health,,,,
English Setter,,,,,,,,,Deafness,Hip dysplasia,Atopy,Ectropion
English Springer Spaniel,,,,,,,,,Hip dysplasia,Phosphofructokinase (PFK) deficiency,Retinal dysplasia,seborrhea
English Toy Terrier,Hip and Joint,Inflammation,Eye Health,Metabolism,Hip and Joint,Inflammation,Eye Health,Metabolism,Cataracts,Retinal dysplasia,Entropion,Cleft lip/palate
Entlebucher Mountain Dog,Hip and Joint,Inflammation,,,Hip and Joint,Hip and Joint,Inflammation,,,,,
Estonian Hound,,,,,,,,,,,,
Eurasier,,,,,,,,,,,,
Field Spaniel,Metabolism,,,,Metabolism,,,,Hip dysplasia,Retinal dysplasia,Cataracts,Progressive retinal atrophy
Finnish Hound,,,,,,,,,,,,
Finnish Lapphund,,,,,,,,,,,,
Finnish Spitz,Skin and Coat ,Immunity,Overall Wellness,,Skin and Coat ,Skin and Coat,Immunity,Overall Wellness,Diabetes mellitus,Hip dysplasia,Shaker dog syndrome,"Platelet dysfunction (thrombocytopathia, Basset hound thrombopathia)"
Flat Coated Retriever,Hip and Joint,Eye Health,,,Hip and Joint,Eye Health,,,Cataracts,Hip dysplasia,Histiocytosis,Entropion
Fox Terrier - Smooth,Eye Health,Skin and Coat Demdectic Mange,Hip and Joint,,Eye Health,Eye Health,Skin and Coat Demdectic Mange,Hip and Joint,Cataracts,Cervical vertebral instability (Wobbler syndrome),Glaucoma,Lens luxation
Fox Terrier - Wire,Hip and Joint,Neurotransmitters Health,Eye Health,Thyroid Health,Hip and Joint,Neurotransmitters Health,Eye Health,Thyroid Health,Atopy,Cataracts,Cervical vertebral instability (Wobbler syndrome),Glaucoma
French Bulldog,Hip and Joint,,,,Hip and Joint,,,,brachycephalic syndrome,Cleft lip/palate,Entropion,Hemivertebra
German Hunting Terrier,Hip and Joint,Eye Health,,,Hip and Joint,Eye Health,Eye Health,Eye Health,,,,
German Pinscher,,,,,,,,,,,,
German Shepherd Dog,,,,,,,,,Degenerative myelopathy,Exocrine pancreatic insufficiency,Hemophilia,Hip dysplasia
German Shepherd Dog - Longhaired,Hip and Joint,Inflammation,Eye Health,Metabolism,Hip and Joint,Inflammation,Eye Health,Metabolism,Degenerative myelopathy,Exocrine pancreatic insufficiency,Hemophilia,Hip dysplasia
German Spaniel,Hip and Joint,Inflammation,,,Hip and Joint,Hip and Joint,Inflammation,,,,,
German Shorthaired Pointer,,,,,,,,,Hip dysplasia,acral mutilation syndrome,Subaortic stenosis,Cataracts
German Spitz,,,,,,,,,,,,
German Spitz - Medium size Spitz - Black and brown,Metabolism,,,,Metabolism,,,,,,,
German Spitz - Medium size Spitz - Other colours,,,,,,,,,,,,
German Spitz - Miniature Spitz - Black and brown,,,,,,,,,,,,
German Spitz - Miniature Spitz - Other colours,Skin and Coat ,Immunity,Overall Wellness,,Skin and Coat ,Skin and Coat,Immunity,Overall Wellness,,,,
German Spitz - Miniature Spitz - White,Hip and Joint,Eye Health,,,Hip and Joint,Eye Health,,,,,,
German Wirehaired Pointer,Eye Health,Skin and Coat Demdectic Mange,Hip and Joint,,Eye Health,Eye Health,Skin and Coat Demdectic Mange,Hip and Joint,Hip dysplasia,Entropion,Cataracts,von Willebrand's disease
Giant Schnauzer,Hip and Joint,Neurotransmitters Health,Eye Health,Thyroid Health,Hip and Joint,Neurotransmitters Health,Eye Health,Thyroid Health,,,,
Giant Schnauzer - Black,Hip and Joint,,,,Hip and Joint,,,,,,,
Giant Schnauzer - Pepper and salt,Hip and Joint,Eye Health,,,Hip and Joint,Eye Health,Eye Health,Eye Health,,,,
Golden Retriever,,,,,,,,,Elbow dysplasia - OCD of the elbow,Hip dysplasia,Retinal dysplasia,Subaortic stenosis
Gordon Setter,,,,,,,,,Hip dysplasia,Cataracts,Cerebellar abiotrophy(ataxia),Follicular dysplasias
Grand Basset Griffon Vendeen,Hip and Joint,Inflammation,Eye Health,Metabolism,Hip and Joint,Inflammation,Eye Health,Metabolism,,,,
Gray Wolf,Hip and Joint,Inflammation,,,Hip and Joint,Hip and Joint,Inflammation,,,,,
Great Dane,,,,,,,,,Dilated cardiomyopathy,Cervical vertebral instability (Wobbler syndrome),Gastric dilatation-volvulus,Hip dysplasia
Great Dane - Black and harlequin,,,,,,,,,Dilated cardiomyopathy,Cervical vertebral instability (Wobbler syndrome),Gastric dilatation-volvulus,Hip dysplasia
Great Dane - Blue,Metabolism,,,,Metabolism,,,,Dilated cardiomyopathy,Cervical vertebral instability (Wobbler syndrome),Gastric dilatation-volvulus,Hip dysplasia
Great Dane - Fawn and brindle,,,,,,,,,Dilated cardiomyopathy,Cervical vertebral instability (Wobbler syndrome),Gastric dilatation-volvulus,Hip dysplasia
Great Pyrenees,,,,,,,,,Hip dysplasia,Cervical vertebral instability (Wobbler syndrome),Coagulation (bleeding) disorders,Deafness
Greater Swiss Mountain Dog,Skin and Coat ,Immunity,Overall Wellness,,Skin and Coat ,Skin and Coat,Immunity,Overall Wellness,Hip dysplasia,Elbow dysplasia - OCD of the elbow,,
Greyhound,Hip and Joint,Eye Health,,,Hip and Joint,Eye Health,,,familial vasculopathy,Cutaneous asthenia (Ehlers-Danlos syndrome),Deafness,Hemophilia
Griffon Belge,Eye Health,Skin and Coat Demdectic Mange,Hip and Joint,,Eye Health,Eye Health,Skin and Coat Demdectic Mange,Hip and Joint,,,,
Griffon Bruxellois,Hip and Joint,Neurotransmitters Health,Eye Health,Thyroid Health,Hip and Joint,Neurotransmitters Health,Eye Health,Thyroid Health,,,,
Harrier,Hip and Joint,,,,Hip and Joint,,,,Cerebellar abiotrophy(ataxia),Idiopathic epilepsy,,
Havanese,Hip and Joint,Eye Health,,,Hip and Joint,Eye Health,Eye Health,Eye Health,Cataracts,Progressive retinal atrophy,Retinal dysplasia,
Hokkaido,,,,,,,,,,,,
Hovawart,,,,,,,,,,,,
Hungarian Greyhound,Hip and Joint,Inflammation,Eye Health,Metabolism,Hip and Joint,Inflammation,Eye Health,Metabolism,,,,
Hungarian Short-Haired Pointer (Vizsla) ,Hip and Joint,Inflammation,,,Hip and Joint,Hip and Joint,Inflammation,,,,,
Hungarian Wire-Haired Pointer (Vizsla),,,,,,,,,,,,
Ibizan Hound,,,,,,,,,Deafness,Degenerative myelopathy,Cataracts,
Ibizan Hound - Smooth-haired,Metabolism,,,,Metabolism,,,,Deafness,Degenerative myelopathy,Cataracts,
Ibizan Hound - Wirehaired,,,,,,,,,Deafness,Degenerative myelopathy,Cataracts,
Icelandic Sheepdog,,,,,,,,,,,,
Irish Glen of Imaal Terrier,Skin and Coat ,Immunity,Overall Wellness,,Skin and Coat ,Skin and Coat,Immunity,Overall Wellness,,,,
Irish Red and White Setter,Hip and Joint,Eye Health,,,Hip and Joint,Eye Health,,,Hip dysplasia,Progressive retinal atrophy,acral lick dermatitis (lick granuloma),Atopy
Irish Red Setter,Eye Health,Skin and Coat Demdectic Mange,Hip and Joint,,Eye Health,Eye Health,Skin and Coat Demdectic Mange,Hip and Joint,Hip dysplasia,Progressive retinal atrophy,acral lick dermatitis (lick granuloma),Atopy
Irish Soft Coated Wheaten Terrier,Hip and Joint,Neurotransmitters Health,Eye Health,Thyroid Health,Hip and Joint,Neurotransmitters Health,Eye Health,Thyroid Health,,cutaneous asthenia,,
Irish Terrier,Hip and Joint,,,,Hip and Joint,,,,Urolithiasis (stones),X-linked muscular dystrophy,Progressive retinal atrophy,
Irish Water Spaniel,Hip and Joint,Eye Health,,,Hip and Joint,Eye Health,Eye Health,Eye Health,Hip dysplasia,Cataracts,Follicular dysplasias,Progressive retinal atrophy
Irish Wolfhound,,,,,,,,,Dilated cardiomyopathy,Hip dysplasia,Portosystemic shunt,Cataracts
Italian Greyhound,,,,,,,,,,,,
Jack Russell Terrier,Hip and Joint,Inflammation,Eye Health,Metabolism,Hip and Joint,Inflammation,Eye Health,Metabolism,,,,
Japanese Chin,Hip and Joint,Inflammation,,,Hip and Joint,Hip and Joint,Inflammation,,Cataracts,Entropion,Entropion,Corneal dystrophy
Japanese Spitz,,,,,,,,,,,,
Karelian Bear Dog,,,,,,,,,Hip dysplasia,Pituitary dwarfism,,
Keeshond,Metabolism,,,,Metabolism,,,,Hip dysplasia,Diabetes mellitus,Growth hormone-responsive dermatosis; adrenal sex hormone responsive dermatosis,Idiopathic epilepsy
Kerry Blue Terrier,,,,,,,,,Patent ductus arteriosus (PDA),Cerebellar abiotrophy(ataxia),Coagulation (bleeding) disorders,Hip dysplasia
King Charles Spaniel or English Toy Spaniel,,,,,,,,,,,,
Kishu,Skin and Coat ,Immunity,Overall Wellness,,Skin and Coat ,Skin and Coat,Immunity,Overall Wellness,,,,
Kleiner Münsterländer,Hip and Joint,Eye Health,,,Hip and Joint,Eye Health,,,,,,
Komondor,Eye Health,Skin and Coat Demdectic Mange,Hip and Joint,,Eye Health,Eye Health,Skin and Coat Demdectic Mange,Hip and Joint,Hip dysplasia,Elbow dysplasia - OCD of the elbow,Gastric dilatation-volvulus,
Kooikerhondje,Hip and Joint,Neurotransmitters Health,Eye Health,Thyroid Health,Hip and Joint,Neurotransmitters Health,Eye Health,Thyroid Health,,,,
Koolie,Hip and Joint,,,,Hip and Joint,,,,,,,
Korea Jindo Dog,Hip and Joint,Eye Health,,,Hip and Joint,Eye Health,Eye Health,Eye Health,,,,
Kritikos Lagonikos,,,,,,,,,,,,
Kromfohrländer,,,,,,,,,,,,
Kuvasz,Hip and Joint,Inflammation,Eye Health,Metabolism,Hip and Joint,Inflammation,Eye Health,Metabolism,Hip dysplasia,Dermatomyositis and ulcerative dermatosis,Cataracts,Deafness
Labrador Retriever,Hip and Joint,Inflammation,,,Hip and Joint,Hip and Joint,Inflammation,,Elbow dysplasia - OCD of the elbow,Hip dysplasia,Retinal dysplasia,acral lick dermatitis (lick granuloma)
Lagotto Romagnolo - Romagna Water Dog,,,,,,,,,,,,
Lakeland Terrier,,,,,,,,,Legg-Calvé-Perthes disease,Cataracts,"Cryptorchidism, retained testicle",Microphthalmia; ocular dysgenesis
Lancashire Heeler,Metabolism,,,,Metabolism,,,,,,,
Landseer,,,,,,,,,,,,
Lapponian Herder,,,,,,,,,,,,
Large Münsterländer,Skin and Coat ,Immunity,Overall Wellness,,Skin and Coat ,Skin and Coat,Immunity,Overall Wellness,Urolithiasis (stones),,,
Leonberger,Hip and Joint,Eye Health,,,Hip and Joint,Eye Health,,,,,,
Lhasa Apso,Eye Health,Skin and Coat Demdectic Mange,Hip and Joint,,Eye Health,Eye Health,Skin and Coat Demdectic Mange,Hip and Joint,"Keratoconjunctivitis sicca (KCS) - ""dry eye""",Atopy,brachycephalic syndrome,Cataracts
Little Lion Dog or Löwchen,Hip and Joint,Neurotransmitters Health,Eye Health,Thyroid Health,Hip and Joint,Neurotransmitters Health,Eye Health,Thyroid Health,Cataracts,Legg-Calvé-Perthes disease,Patellar luxation,Progressive retinal atrophy
Maltese,Hip and Joint,,,,Hip and Joint,,,,Patent ductus arteriosus (PDA),"Cryptorchidism, retained testicle",Hydrocephalus,Portosystemic shunt
Manchester Terrier,Hip and Joint,Eye Health,,,Hip and Joint,Eye Health,Eye Health,Eye Health,Hydrocephalus,Legg-Calvé-Perthes disease,Lens luxation,pattern baldness
Manchester Terrier - Toy,,,,,,,,,Hydrocephalus,Legg-Calvé-Perthes disease,Lens luxation,pattern baldness
Maremma and Abruzzes Sheepdog,,,,,,,,,,,,
Mastiff,Hip and Joint,Inflammation,Eye Health,Metabolism,Hip and Joint,Inflammation,Eye Health,Metabolism,Hip dysplasia,Pulmonic stenosis,Cataracts,Ectropion
Mi-ki,Hip and Joint,Inflammation,,,Hip and Joint,Hip and Joint,Inflammation,,,,,
Miniature Bull Terrier,,,,,,,,,Lens luxation,Persistent pupillary membranes (PPM),,
Miniature Pinscher,,,,,,,,,colour dilution alopecia,Corneal dystrophy,Disorders of sexual development - sexual reversal,Legg-Calvé-Perthes disease
Miniature Schnauzer,Metabolism,,,,Metabolism,,,,,,,
Miniature Schnauzer - Black,,,,,,,,,,,,
Miniature Schnauzer - Black and silver,,,,,,,,,,,,
Miniature Schnauzer - Pepper and salt,Skin and Coat ,Immunity,Overall Wellness,,Skin and Coat ,Skin and Coat,Immunity,Overall Wellness,,,,
Miniature Schnauzer - White,Hip and Joint,Eye Health,,,Hip and Joint,Eye Health,,,,,,
Mudi,Eye Health,Skin and Coat Demdectic Mange,Hip and Joint,,Eye Health,Eye Health,Skin and Coat Demdectic Mange,Hip and Joint,,,,
Neapolitan Mastiff,Hip and Joint,Neurotransmitters Health,Eye Health,Thyroid Health,Hip and Joint,Neurotransmitters Health,Eye Health,Thyroid Health,Hip dysplasia,Ectropion,Entropion,Fold dermatitis/pyoderma
Newfoundland,Hip and Joint,,,,Hip and Joint,,,,Subaortic stenosis,Hip dysplasia,Cataracts,Dilated cardiomyopathy
Norfolk Terrier,Hip and Joint,Eye Health,,,Hip and Joint,Eye Health,Eye Health,Eye Health,Cataracts,Glaucoma,Optic nerve hypoplasia and micropapilla,
Norrbottenspitz,,,,,,,,,,,,
Norwegian Buhund,,,,,,,,,,,,
"Norwegian Elkhound, Black",Hip and Joint,Inflammation,Eye Health,Metabolism,Hip and Joint,Inflammation,Eye Health,Metabolism,Hip dysplasia,Cataracts,Familial kidney disease,Glaucoma
"Norwegian Elkhound, Grey",Hip and Joint,Inflammation,,,Hip and Joint,Hip and Joint,Inflammation,,Hip dysplasia,Cataracts,Familial kidney disease,Glaucoma
Norwegian Lundehund,,,,,,,,,,,,
Norwich Terrier,,,,,,,,,Cataracts,Atopy,Corneal dystrophy,Scotty cramp
Nova Scotia Duck Tolling Retriever,Metabolism,,,,Metabolism,,,,Hip dysplasia,Cataracts,Corneal dystrophy,Hypoadrenocorticism (Addison's disease)
Old English Sheepdog,,,,,,,,,Hip dysplasia,Atrial septal defect (ASD),Cataracts,Cerebellar abiotrophy(ataxia)
Otterhound,,,,,,,,,Hip dysplasia,"Platelet dysfunction (thrombocytopathia, Basset hound thrombopathia)",Gastric dilatation-volvulus,
Papillon,Skin and Coat ,Immunity,Overall Wellness,,Skin and Coat ,Skin and Coat,Immunity,Overall Wellness,Cataracts,Follicular dysplasias,Mitral valve dysplasia,Progressive retinal atrophy
Parson Russell Terrier,Hip and Joint,Eye Health,,,Hip and Joint,Eye Health,,,Cataracts,Cerebellar abiotrophy(ataxia),ichthyosis,Lens luxation
Patterdale Terrier,Eye Health,Skin and Coat Demdectic Mange,Hip and Joint,,Eye Health,Eye Health,Skin and Coat Demdectic Mange,Hip and Joint,,,,
Pekingese,Hip and Joint,Neurotransmitters Health,Eye Health,Thyroid Health,Hip and Joint,Neurotransmitters Health,Eye Health,Thyroid Health,Patellar luxation,brachycephalic syndrome,Cataracts,Cleft lip/palate
Peruvian Hairless Dog - Large,Hip and Joint,,,,Hip and Joint,,,,,,,
Peruvian Hairless Dog - Medium sized,Hip and Joint,Eye Health,,,Hip and Joint,Eye Health,Eye Health,Eye Health,,,,
Petit Basset Griffon Vendeen,,,,,,,,,,,,
Phalene,,,,,,,,,,,,
Pharaoh Hound,Hip and Joint,Inflammation,Eye Health,Metabolism,Hip and Joint,Inflammation,Eye Health,Metabolism,Demodicosis/ Demodectic mange,Idiopathic epilepsy,Elbow dysplasia - OCD of the elbow,
Picardy Sheepdog,Hip and Joint,Inflammation,,,Hip and Joint,Hip and Joint,Inflammation,,,,,
Plott Hound ,,,,,,,,,,,,
Podenco Canario,,,,,,,,,,,,
Podenco Orito,Metabolism,,,,Metabolism,,,,,,,
Polish Greyhound,,,,,,,,,,,,
Polish Lowland Sheepdog,,,,,,,,,,,,
Pointer (English),Skin and Coat ,Immunity,Overall Wellness,,Skin and Coat ,Skin and Coat,Immunity,Overall Wellness,Hip dysplasia,acral mutilation syndrome,Cleft lip/palate,Demodicosis/ Demodectic mange
Pomeranian,Hip and Joint,Eye Health,,,Hip and Joint,Eye Health,,,Patent ductus arteriosus (PDA),"Cryptorchidism, retained testicle",Entropion,Growth hormone-responsive dermatosis; adrenal sex hormone responsive dermatosis
"Poodle - Medium size (FCI size standard) - Black, brown and white",Eye Health,Skin and Coat Demdectic Mange,Hip and Joint,,Eye Health,Eye Health,Skin and Coat Demdectic Mange,Hip and Joint,,,,
"Poodle - Medium size (FCI size standard) - Grey, apricot and red",Hip and Joint,Neurotransmitters Health,Eye Health,Thyroid Health,Hip and Joint,Neurotransmitters Health,Eye Health,Thyroid Health,,,,
Poodle - Miniature (AKC size standard),Hip and Joint,,,,Hip and Joint,,,,Mitral valve dysplasia,Patellar luxation,Atopy,Cataracts
"Poodle - Miniature (FCI size standard) - Black, brown and white",Hip and Joint,Eye Health,,,Hip and Joint,Eye Health,Eye Health,Eye Health,,,,
"Poodle - Miniature (FCI size standard) - Grey, apricot and red",,,,,,,,,,,,
Poodle - Standard (AKC size standard),,,,,,,,,Gastric dilatation-volvulus,sebaceous adenitis,Cataracts,colour dilution alopecia
"Poodle - Standard (FCI size standard) - Black, brown and white",Hip and Joint,Inflammation,Eye Health,Metabolism,Hip and Joint,Inflammation,Eye Health,Metabolism,,,,
"Poodle - Standard (FCI size standard) - Grey, apricot and red",Hip and Joint,Inflammation,,,Hip and Joint,Hip and Joint,Inflammation,,,,,
Poodle - Toy (AKC size standard),,,,,,,,,Patellar luxation,"Cryptorchidism, retained testicle",Deafness,Diabetes mellitus
Portuguese Podengo - Medium sized,,,,,,,,,,,,
Portuguese Podengo - Miniature,Metabolism,,,,Metabolism,,,,,,,
Portuguese Podengo - Smooth-haired Miniature,,,,,,,,,,,,
Portuguese Podengo - Wirehaired Medium sized,,,,,,,,,,,,
Portuguese Podengo - Wirehaired Miniature,Skin and Coat ,Immunity,Overall Wellness,,Skin and Coat ,Skin and Coat,Immunity,Overall Wellness,,,,
Portuguese Water Dog,Hip and Joint,Eye Health,,,Hip and Joint,Eye Health,,,Cataracts,Follicular dysplasias,Hip dysplasia,Lysosomal storage diseases
Prazsky Krysarik,Eye Health,Skin and Coat Demdectic Mange,Hip and Joint,,Eye Health,Eye Health,Skin and Coat Demdectic Mange,Hip and Joint,,,,
Pug,Hip and Joint,Neurotransmitters Health,Eye Health,Thyroid Health,Hip and Joint,Neurotransmitters Health,Eye Health,Thyroid Health,"Keratoconjunctivitis sicca (KCS) - ""dry eye""",Atopy,brachycephalic syndrome,Demodicosis/ Demodectic mange
Puli,Hip and Joint,,,,Hip and Joint,,,,Hip dysplasia,Cataracts,Retinal dysplasia,
Pumi,Hip and Joint,Eye Health,,,Hip and Joint,Eye Health,Eye Health,Eye Health,,,,
Pyrenean Mastiff,,,,,,,,,,,,
Pyrenean Mountain Dog or Great Pyrenees,,,,,,,,,,,,
Pyrenean Sheepdog,Hip and Joint,Inflammation,Eye Health,Metabolism,Hip and Joint,Inflammation,Eye Health,Metabolism,,,,
Pyrenean Sheepdog - Longhaired,Hip and Joint,Inflammation,,,Hip and Joint,Hip and Joint,Inflammation,,,,,
Pyrenean Sheepdog - Smooth Faced,,,,,,,,,,,,
Rat Terrier,,,,,,,,,,,,
Redbone Coonhound,Metabolism,,,,Metabolism,,,,Entropion,Hip dysplasia,Entropion,Progressive retinal atrophy
Rhodesian Ridgeback,,,,,,,,,dermoid sinus,Hip dysplasia,Cerebellar abiotrophy(ataxia),Cervical vertebral instability (Wobbler syndrome)
Rottweiler,,,,,,,,,Subaortic stenosis,Corneal dystrophy,Familial kidney disease,Gastric dilatation-volvulus
Russell Terrier,Skin and Coat ,Immunity,Overall Wellness,,Skin and Coat ,Skin and Coat,Immunity,Overall Wellness,,,,
Russian Hound,Hip and Joint,Eye Health,,,Hip and Joint,Eye Health,,,,,,
Russian Toy Dog - Longhaired,Eye Health,Skin and Coat Demdectic Mange,Hip and Joint,,Eye Health,Eye Health,Skin and Coat Demdectic Mange,Hip and Joint,,,,
Russian Tsvetnaya Bolonka,Hip and Joint,Neurotransmitters Health,Eye Health,Thyroid Health,Hip and Joint,Neurotransmitters Health,Eye Health,Thyroid Health,,,,
Russian-European Laika,Hip and Joint,,,,Hip and Joint,,,,,,,
Saarloos Wolfdog,Hip and Joint,Eye Health,,,Hip and Joint,Eye Health,Eye Health,Eye Health,,,,
Saint Bernard,,,,,,,,,Cutaneous Asthenia,Dilated cardiomyopathy,Gastric dilatation-volvulus,Hip dysplasia
Saluki,,,,,,,,,colour dilution alopecia,Follicular dysplasias,Lysosomal storage diseases,Glaucoma
Samoyed,Hip and Joint,Inflammation,Eye Health,Metabolism,Hip and Joint,Inflammation,Eye Health,Metabolism,Hip dysplasia,Subaortic stenosis,Atrial septal defect (ASD),Cataracts
Schapendoes,Hip and Joint,Inflammation,,,Hip and Joint,Hip and Joint,Inflammation,,,,,
Schipperke,,,,,,,,,colour dilution alopecia,Diabetes mellitus,Follicular dysplasias,Pemphigus
Schnauzer,,,,,,,,,Hip dysplasia,Cataracts,"Keratoconjunctivitis sicca (KCS) - ""dry eye""",Pulmonic stenosis
Schnauzer - Pepper and salt,Metabolism,,,,Metabolism,,,,cutaneous asthenia,,,
Scottish Terrier,,,,,,,,,von Willebrand's disease,Atopy,Cataracts,"Craniomandibular osteopathy (""lion jaw"")"
Sealyham Terrier,,,,,,,,,Retinal dysplasia,Deafness,"Keratoconjunctivitis sicca (KCS) - ""dry eye""",Lens luxation
Serbian Hound,Skin and Coat ,Immunity,Overall Wellness,,Skin and Coat ,Skin and Coat,Immunity,Overall Wellness,,,,
Shar Pei,Hip and Joint,Eye Health,,,Hip and Joint,Eye Health,,,Atopy,Demodicosis/ Demodectic mange,Entropion,Hip dysplasia
Shetland Sheepdog,Eye Health,Skin and Coat Demdectic Mange,Hip and Joint,,Eye Health,Eye Health,Skin and Coat Demdectic Mange,Hip and Joint,Collie eye anomaly (CEA),Deafness,Dermatomyositis and ulcerative dermatosis,Patent ductus arteriosus (PDA)
Shiba,Hip and Joint,Neurotransmitters Health,Eye Health,Thyroid Health,Hip and Joint,Neurotransmitters Health,Eye Health,Thyroid Health,Hip dysplasia,Hypothyroidism,,
Shih Tzu,Hip and Joint,,,,Hip and Joint,,,,"Exposure keratopathy syndrome (exophthalmos, lagophthalmos, and/or macroblepharon)",brachycephalic syndrome,Cataracts,Cleft lip/palate
Shikoku,Hip and Joint,Eye Health,,,Hip and Joint,Eye Health,Eye Health,Eye Health,,,,
Siberian Husky,,,,,,,,,Cataracts,Corneal dystrophy,Entropion,Glaucoma
Skye Terrier,,,,,,,,,Chronic hepatitis,Lens luxation,Atopy,tracheal collapse
Sloughi,Hip and Joint,Inflammation,Eye Health,Metabolism,Hip and Joint,Inflammation,Eye Health,Metabolism,,,,
Slovakian Chuvach,Hip and Joint,Inflammation,,,Hip and Joint,Hip and Joint,Inflammation,,,,,
Spaniel de Pont-Audemer,,,,,,,,,,,,
Spanish Greyhound,,,,,,,,,,,,
Spanish Water Dog,Metabolism,,,,Metabolism,,,,,,,
Spinone Italiano,,,,,,,,,,,,
Staffordshire Bull Terrier,,,,,,,,,Hip dysplasia,Cataracts,Demodicosis/ Demodectic mange,brachycephalic syndrome
Sussex Spaniel,Skin and Coat ,Immunity,Overall Wellness,,Skin and Coat ,Skin and Coat,Immunity,Overall Wellness,Eyelash abnormalities,Retinal dysplasia,Cataracts,Hip dysplasia
Swedish Elkhound,Hip and Joint,Eye Health,,,Hip and Joint,Eye Health,,,,,,
Swedish Vallhund,Eye Health,Skin and Coat Demdectic Mange,Hip and Joint,,Eye Health,Eye Health,Skin and Coat Demdectic Mange,Hip and Joint,,,,
Taigan,Hip and Joint,Neurotransmitters Health,Eye Health,Thyroid Health,Hip and Joint,Neurotransmitters Health,Eye Health,Thyroid Health,,,,
Tamaskan Dog,Hip and Joint,,,,Hip and Joint,,,,,,,
Tenterfield Terrier,Hip and Joint,Eye Health,,,Hip and Joint,Eye Health,Eye Health,Eye Health,,,,
Terrier Brazileiro,,,,,,,,,,,,
Tibetan Mastiff,,,,,,,,,,,,
Tibetan Spaniel,Hip and Joint,Inflammation,Eye Health,Diabetes,Hip and Joint,Inflammation,Eye Health,Diabetes,"
Progressive retinal atrophy",Cataracts,Microphthalmia; ocular dysgenesis,Retinal dysplasia
Tibetan Terrier,Hip and Joint,Inflammation,,,Hip and Joint,Hip and Joint,Inflammation,,Cataracts,Hip dysplasia,Lens luxation,Progressive retinal atrophy
Toy Fox Terrier,,,,,,,,,,,,
Treeing Walker Coonhound,,,,,,,,,,,,
Volpino Italiano,Metabolism,,,,Metabolism,,,,,,,
Viszla ,,,,,,,,,Corneal dystrophy,Entropion,Hemophilia,Hip dysplasia
Weimaraner,,,,,,,,,Hip dysplasia,Elbow dysplasia - OCD of the elbow,Gastric dilatation-volvulus,Hemophilia
Weimaraner - Longhaired,Skin and Coat ,Immunity,Overall Wellness,,Skin and Coat ,Skin and Coat,Immunity,Overall Wellness,,,,
Weimaraner - Shorthaired,,,,,,,,,,,,
Welsh Corgi Cardigan,,,,,,,,,Intervertebral disk disease,Lens luxation,Persistent pupillary membranes (PPM),Progressive retinal atrophy
Welsh Corgi Pembroke,,,,,,,,,Cataracts,Corneal dystrophy,Cutaneous asthenia (Ehlers-Danlos syndrome),Degenerative myelopathy
Welsh Springer Spaniel,,,,,,,,,Hip dysplasia,Cataracts,Glaucoma,Progressive retinal atrophy
Welsh Terrier,,,,,,,,,Lens luxation,Idiopathic epilepsy,Glaucoma,"Keratoconjunctivitis sicca (KCS) - ""dry eye"""
West Highland White Terrier,,,,,,,,,"Craniomandibular osteopathy (""lion jaw"")","Keratoconjunctivitis sicca (KCS) - ""dry eye""",seborrhea,Atopy
West-Siberian Laika,,,,,,,,,,,,
Whippet,,,,,,,,,Cataracts ,ectodermal defect,pattern baldness,Phosphofructokinase (PFK) deficiency
White Swiss Shepherd Dog,,,,,,,,,,,,
Wirehaired Pointing Griffon Korthals,,,,,,,,,Hip dysplasia,Progressive retinal atrophy,,
Xoloitzcuintle,,,,,,,,,,,,
Yorkshire Terrier,,,,,,,,,Patellar luxation,Portosystemic shunt,tracheal collapse,Retinal dysplasia